ID,Street Number,Street Name,City,State,Zip Code,Full Address,Notes
1,572,Main Street,Boston,MA,02108,"572 Main Street, Boston, MA 02108",Sample address for geocoding
2,1831,Washington Street,Boston,MA,02116,"1831 Washington Street, Boston, MA 02116",Sample address for geocoding
3,414,Broadway,Cambridge,MA,02138,"414 Broadway, Cambridge, MA 02138",Sample address for geocoding
4,758,State Street,Cambridge,MA,02139,"758 State Street, Cambridge, MA 02139",Sample address for geocoding
5,103,Beacon Street,Somerville,MA,02143,"103 Beacon Street, Somerville, MA 02143",Sample address for geocoding
6,1029,Commonwealth Avenue,Brookline,MA,02446,"1029 Commonwealth Avenue, Brookline, MA 02446",Sample address for geocoding
7,1489,Mass Ave,Newton,MA,02158,"1489 Mass Ave, Newton, MA 02158",Sample address for geocoding
8,1081,Tremont Street,Quincy,MA,02169,"1081 Tremont Street, Quincy, MA 02169",Sample address for geocoding
9,720,Boylston Street,Worcester,MA,01608,"720 Boylston Street, Worcester, MA 01608",Sample address for geocoding
10,1203,Harvard Street,Springfield,MA,01103,"1203 Harvard Street, Springfield, MA 01103",Sample address for geocoding
11,1819,Cambridge Street,Lowell,MA,01852,"1819 Cambridge Street, Lowell, MA 01852",Sample address for geocoding
12,1152,Atlantic Avenue,Brockton,MA,02301,"1152 Atlantic Avenue, Brockton, MA 02301",Sample address for geocoding
13,261,Salem Street,New Bedford,MA,02740,"261 Salem Street, New Bedford, MA 02740",Sample address for geocoding
14,10,Park Street,Fall River,MA,02720,"10 Park Street, Fall River, MA 02720",Sample address for geocoding
15,183,Central Street,Lynn,MA,01901,"183 Central Street, Lynn, MA 01901",Sample address for geocoding
16,311,Market Street,Newton,MA,02459,"311 Market Street, Newton, MA 02459",Sample address for geocoding
17,255,Spring Street,Framingham,MA,01701,"255 Spring Street, Framingham, MA 01701",Sample address for geocoding
18,141,Pine Street,Waltham,MA,02451,"141 Pine Street, Waltham, MA 02451",Sample address for geocoding
19,625,Oak Street,Malden,MA,02148,"625 Oak Street, Malden, MA 02148",Sample address for geocoding
20,1827,Maple Street,Medford,MA,02155,"1827 Maple Street, Medford, MA 02155",Sample address for geocoding
21,972,Elm Street,Weymouth,MA,02188,"972 Elm Street, Weymouth, MA 02188",Sample address for geocoding
22,1904,Cedar Street,Revere,MA,02151,"1904 Cedar Street, Revere, MA 02151",Sample address for geocoding
23,712,Highland Avenue,Peabody,MA,01960,"712 Highland Avenue, Peabody, MA 01960",Sample address for geocoding
24,228,School Street,Methuen,MA,01844,"228 School Street, Methuen, MA 01844",Sample address for geocoding
25,1306,Church Street,Barnstable,MA,02630,"1306 Church Street, Barnstable, MA 02630",Sample address for geocoding