<?xml version="1.0" encoding="UTF-8"?><metadata>
    <idinfo>
        <citation>
            <citeinfo>
                <origin/>
                <pubdate>20180223</pubdate>
                <title>Low Food Access</title>
                <geoform>vector digital data</geoform>
            </citeinfo>
        </citation>
        <descript>
            <abstract>Polygons in this layer represent low food access areas: areas of the District of Columbia which are estimated to be more than a 10-minute walk from the nearest full-service grocery store. These have been merged with Census poverty data to estimate how much of the population within these areas is food insecure (below 185% of the federal poverty line in addition to living in a low food access area).Office of Planning GIS followed several steps to create this layer, including: transit analysis, to eliminate areas of the District within a 10-minute walk of a grocery store; non-residential analysis, to eliminate areas of the District which do not contain residents and cannot classify as low food access areas (such as parks and the National Mall); and Census tract division, to estimate population and poverty rates within the newly created polygon boundaries.Fields contained in this layer include:Intermediary calculation fields for the aforementioned analysis, and:PartPop2: The total population estimated to live within the low food access area polygon (derived from Census tract population, assuming even distribution across the polygon after removing non-residential areas, followed by the removal of population living within a grocery store radius.)PrtOver185: The portion of PartPop2 which is estimated to have household income above 185% of the federal poverty line (the food secure population)PrtUnd185: The portion of PartPop2 which is estimated to have household income below 185% of the federal poverty line (the food insecure population)PercentUnd185: A calculated field showing PrtUnd185 as a percent of PartPop2. This is the percent of the population in the polygon which is food insecure (both living in a low food access area and below 185% of the federal poverty line).Note that the polygon representing Joint Base Anacostia-Bolling was removed from this analysis. While technically classifying as a low food access area based on the OP Grocery Stores layer (since the JBAB Commissary, which only serves military members, is not included in that layer), it is recognized that those who do live on the base have access to the commissary for grocery needs.Last updated November 2017.</abstract>
            <purpose>This data is used for the planning and management of Washington, D.C. by local government agencies.</purpose>
        </descript>
        <spdom>
            <bounding>
                <westbc>-77.115984</westbc>
                <eastbc>-76.909262</eastbc>
                <northbc>38.995809</northbc>
                <southbc>38.803127</southbc>
            </bounding>
        </spdom>
        <keywords>
            <theme>
                <themekt>None</themekt>
                <themekey>D.C. Government</themekey>
                <themekey>Office of Planning</themekey>
                <themekey>D.C. Food Policy</themekey>
                <themekey>Grocery Stores</themekey>
                <themekey>Low Food Access Areas</themekey>
                <themekey>Food Deserts</themekey>
                <themekey>Poverty</themekey>
                <themekey>Food Access</themekey>
            </theme>
            <theme>
                <themekt>ISO 19115 Topic Categories</themekt>
                <themekey>health</themekey>
                <themekey>society</themekey>
            </theme>
            <place>
                <placekt>None</placekt>
                <placekey>Washington D.C.</placekey>
                <placekey>DC</placekey>
                <placekey>District of Columbia</placekey>
            </place>
        </keywords>
        <accconst>Other Constraints</accconst>
        <useconst>This work is licensed under a Creative Commons Attribution 4.0 International License.</useconst>
        <ptcontac>
            <cntinfo>
                <cntorgp>
                    <cntorg>Office of Planning</cntorg>
                </cntorgp>
                <cntaddr>
                    <addrtype>mailing and physical</addrtype>
                    <address>1100 4th Street, SW, Suite 650 East</address>
                    <city>Washington</city>
                    <state>DC</state>
                    <postal>20024</postal>
                </cntaddr>
                <cntvoice>(202) 442-7600</cntvoice>
                <cntfax>(202) 442-7638</cntfax>
                <cntemail>planning@dc.gov</cntemail>
                <hours>Monday to Friday, 8:30 am to 5 pm, except District holidays</hours>
            </cntinfo>
        </ptcontac>
        <ptcontac>
            <cntinfo>
                <cntorgp>
                    <cntorg>Office of the Chief Technology Officer</cntorg>
                </cntorgp>
                <cntaddr>
                    <addrtype>mailing and physical</addrtype>
                    <address>200 I Street SE, 5th Floor</address>
                    <city>Washington</city>
                    <state>DC</state>
                    <postal>20003</postal>
                    <country>US</country>
                </cntaddr>
                <cntvoice>(202) 727-2277</cntvoice>
                <cntfax>(202) 727-6857</cntfax>
                <cntemail>dcgis@dc.gov</cntemail>
                <hours>8:30 am - 5 pm</hours>
            </cntinfo>
        </ptcontac>
        <ptcontac>
            <cntinfo>
                <cntorgp>
                    <cntorg>Office of the Chief Technology Officer</cntorg>
                </cntorgp>
                <cntaddr>
                    <addrtype>mailing and physical</addrtype>
                    <address>200 I Street SE, 5th Floor</address>
                    <city>Washington</city>
                    <state>DC</state>
                    <postal>20003</postal>
                    <country>US</country>
                </cntaddr>
                <cntvoice>(202) 727-2277</cntvoice>
                <cntfax>(202) 727-6857</cntfax>
                <cntemail>dcgis@dc.gov</cntemail>
                <hours>8:30 am - 5 pm</hours>
            </cntinfo>
        </ptcontac>
        <datacred>Office of Planning</datacred>
        <native>Version 6.2 (Build 9200) ; Esri ArcGIS 10.3.1.4959</native>
    </idinfo>
    <spdoinfo>
        <direct>Vector</direct>
        <ptvctinf>
            <sdtsterm>
                <sdtstype>GT-polygon composed of chains</sdtstype>
                <ptvctcnt>0</ptvctcnt>
            </sdtsterm>
        </ptvctinf>
    </spdoinfo>
    <eainfo>
        <detailed>
            <enttyp>
                <enttypl>DCGIS.LowFoodAccessPly</enttypl>
            </enttyp>
            <attr>
                <attrlabl>OBJECTID</attrlabl>
                <attrdef>Internal feature number.</attrdef>
                <attrdefs>Esri</attrdefs>
                <attrdomv>
                                        					
                    
                    <udom>Sequential unique whole numbers that are automatically generated.</udom>
                                        				
                
                </attrdomv>
            </attr>
            <attr>
                <attrlabl>SHAPE</attrlabl>
                <attrdef>Feature geometry.</attrdef>
                <attrdefs>Esri</attrdefs>
                <attrdomv>
                                        					
                    
                    <udom>Coordinates defining the features.</udom>
                                        				
                
                </attrdomv>
            </attr>
            <attr>
                <attrlabl>PartPop2</attrlabl>
                <attrdef>Total population</attrdef>
                <attrdefs>OP</attrdefs>
            </attr>
            <attr>
                <attrlabl>PrtOvr185</attrlabl>
                <attrdef>Population with income greater than 185% of the poverty level</attrdef>
                <attrdefs>OP</attrdefs>
            </attr>
            <attr>
                <attrlabl>PrtUnd185</attrlabl>
                <attrdef>Population with income less than 185% of the poverty level</attrdef>
                <attrdefs>OP</attrdefs>
            </attr>
            <attr>
                <attrlabl>PercentUnd185</attrlabl>
                <attrdef>Percentage of the population with income less than 185% of the poverty level</attrdef>
                <attrdefs>OP</attrdefs>
            </attr>
            <attr>
                <attrlabl>SE_ANNO_CAD_DATA</attrlabl>
            </attr>
            <attr>
                <attrlabl>SHAPE.AREA</attrlabl>
            </attr>
            <attr>
                <attrlabl>SHAPE.LEN</attrlabl>
            </attr>
        </detailed>
    </eainfo>
    <distinfo>
        <distrib>
            <cntinfo>
                <cntorgp>
                    <cntorg>Office of the Chief Technology Officer</cntorg>
                </cntorgp>
                <cntpos>GIS Data Coordinator</cntpos>
                <cntaddr>
                    <addrtype>mailing and physical</addrtype>
                    <address>200 I Street SE, 5th Floor</address>
                    <city>Washington</city>
                    <state>DC</state>
                    <postal>20003</postal>
                    <country>US</country>
                </cntaddr>
                <cntvoice>(202) 727-2277</cntvoice>
                <cntfax>(202) 727-6857</cntfax>
                <cntemail>dcgis@dc.gov</cntemail>
                <hours>8:30 am - 5 pm</hours>
            </cntinfo>
        </distrib>
        <distliab>See access and use constraints information.</distliab>
        <custom>DC datasets can be downloaded from "http://opendata.dc.gov".</custom>
    </distinfo>
    <metainfo>
        <metd>20230329</metd>
        <metc>
            <cntinfo>
                <cntorgp>
                    <cntorg>Office of the Chief Technology Officer</cntorg>
                </cntorgp>
                <cntpos>GIS Data Coordinator</cntpos>
                <cntaddr>
                    <addrtype>mailing and physical</addrtype>
                    <address>200 I Street SE, 5th Floor</address>
                    <city>Washington</city>
                    <state>DC</state>
                    <postal>20003</postal>
                    <country>US</country>
                </cntaddr>
                <cntvoice>(202) 727-2277</cntvoice>
                <cntfax>(202) 727-6857</cntfax>
                <cntemail>dcgis@dc.gov</cntemail>
                <hours>8:30 am - 5 pm</hours>
            </cntinfo>
        </metc>
        <metstdn>FGDC Content Standard for Digital Geospatial Metadata</metstdn>
        <metstdv>FGDC-STD-001-1998</metstdv>
        <mettc>local time</mettc>
    </metainfo>
</metadata>
